Index,Name,Description,IsWalking_Passable,IsBoat_Passable,IsSkiff_Passable,IsCarpet_Passable,IsKlimable,SpeedFactor,IsPartOfAnimation,AnimationIndex,IsUpright,FlatTileSubstitionIndex,FlatTileSubstitionName,IsEnemy,IsNPC,IsBuilding
0,Explosion,,TRUE,TRUE,TRUE,TRUE,FALSE,1,FALSE,0,TRUE,5,Grass,FALSE,FALSE,FALSE
1,Water1,,FALSE,TRUE,FALSE,TRUE,FALSE,1,TRUE,0,FALSE,-1,None,FALSE,FALSE,FALSE
2,Water2,,FALSE,TRUE,FALSE,TRUE,FALSE,1,TRUE,1,FALSE,-1,None,FALSE,FALSE,FALSE
3,WaterCoast,,FALSE,FALSE,TRUE,TRUE,FALSE,1,FALSE,0,FALSE,-1,None,FALSE,FALSE,FALSE
4,Swamp,,TRUE,FALSE,FALSE,TRUE,FALSE,0.75,FALSE,0,FALSE,-1,None,FALSE,FALSE,FALSE
5,Grass,,TRUE,FALSE,FALSE,TRUE,FALSE,1,FALSE,0,FALSE,-1,None,FALSE,FALSE,FALSE
6,Forest1,Smallest forest,TRUE,FALSE,FALSE,TRUE,FALSE,0.75,FALSE,0,FALSE,-1,None,FALSE,FALSE,FALSE
7,Desert1,,TRUE,FALSE,FALSE,TRUE,FALSE,1,FALSE,0,FALSE,-1,None,FALSE,FALSE,FALSE
8,Forest2,2nd smallest forest,TRUE,FALSE,FALSE,TRUE,FALSE,0.66,FALSE,0,FALSE,-1,None,FALSE,FALSE,FALSE
9,Forest3,2nd largest forest,TRUE,FALSE,FALSE,TRUE,FALSE,0.55,FALSE,0,FALSE,-1,None,FALSE,FALSE,FALSE
10,Forest4,largest forest,TRUE,FALSE,FALSE,TRUE,FALSE,0.5,FALSE,0,FALSE,-1,None,FALSE,FALSE,FALSE
11,Hills1,,TRUE,FALSE,FALSE,TRUE,FALSE,0.5,FALSE,0,FALSE,-1,None,FALSE,FALSE,FALSE
12,SmallMountains,,FALSE,FALSE,FALSE,TRUE,TRUE,0.5,FALSE,0,FALSE,-1,None,FALSE,FALSE,FALSE
13,TallMountains,,FALSE,FALSE,FALSE,FALSE,FALSE,0,FALSE,0,FALSE,-1,None,FALSE,FALSE,FALSE
14,LeftHills2,,TRUE,FALSE,FALSE,FALSE,FALSE,0.5,FALSE,0,FALSE,-1,None,FALSE,FALSE,FALSE
15,RightHills2,,TRUE,FALSE,FALSE,FALSE,FALSE,0.5,FALSE,0,FALSE,-1,None,FALSE,FALSE,FALSE
16,Hut,,TRUE,FALSE,FALSE,TRUE,FALSE,1,FALSE,0,TRUE,5,Grass,FALSE,FALSE,TRUE
17,Codex,,TRUE,FALSE,FALSE,TRUE,FALSE,1,FALSE,0,TRUE,38,Path7,FALSE,FALSE,TRUE
18,Keep,,TRUE,FALSE,FALSE,TRUE,FALSE,1,FALSE,0,TRUE,5,Grass,FALSE,FALSE,TRUE
19,Village,,TRUE,FALSE,FALSE,TRUE,FALSE,1,FALSE,0,TRUE,5,Grass,FALSE,FALSE,TRUE
20,SmallCastle,,TRUE,FALSE,FALSE,TRUE,FALSE,1,FALSE,0,TRUE,5,Grass,FALSE,FALSE,TRUE
21,LargeCastle,,TRUE,FALSE,FALSE,TRUE,FALSE,1,FALSE,0,TRUE,5,Grass,FALSE,FALSE,TRUE
22,CaveEntrance,,TRUE,FALSE,FALSE,TRUE,FALSE,1,FALSE,0,FALSE,-1,None,FALSE,FALSE,TRUE
23,MineEntrance,,TRUE,FALSE,FALSE,TRUE,FALSE,1,FALSE,0,FALSE,-1,None,FALSE,FALSE,TRUE
24,DoomEntrance,,TRUE,FALSE,FALSE,TRUE,FALSE,1,FALSE,0,FALSE,-1,None,FALSE,FALSE,TRUE
25,Shrine,,TRUE,FALSE,FALSE,TRUE,FALSE,1,FALSE,0,TRUE,38,Path7,FALSE,FALSE,TRUE
26,BrokenShrine,,TRUE,FALSE,FALSE,TRUE,FALSE,1,FALSE,0,TRUE,38,Path7,FALSE,FALSE,TRUE
27,Lighthouse,,TRUE,FALSE,FALSE,TRUE,FALSE,1,FALSE,0,TRUE,5,Grass,FALSE,FALSE,TRUE
28,Oasis,,TRUE,FALSE,FALSE,TRUE,FALSE,1,FALSE,0,FALSE,-1,None,FALSE,FALSE,FALSE
29,Bridge,,TRUE,FALSE,FALSE,TRUE,FALSE,1,FALSE,0,FALSE,-1,None,FALSE,FALSE,FALSE
30,LeftDesert2,,TRUE,FALSE,FALSE,TRUE,FALSE,1,FALSE,0,FALSE,-1,None,FALSE,FALSE,FALSE
31,RightDesert2,,TRUE,FALSE,FALSE,TRUE,FALSE,1,FALSE,0,FALSE,-1,None,FALSE,FALSE,FALSE
32,Path1,,TRUE,FALSE,FALSE,TRUE,FALSE,1,FALSE,0,FALSE,-1,None,FALSE,FALSE,FALSE
33,Path2,,TRUE,FALSE,FALSE,TRUE,FALSE,1,FALSE,0,FALSE,-1,None,FALSE,FALSE,FALSE
34,Path3,,TRUE,FALSE,FALSE,TRUE,FALSE,1,FALSE,0,FALSE,-1,None,FALSE,FALSE,FALSE
35,Path4,,TRUE,FALSE,FALSE,TRUE,FALSE,1,FALSE,0,FALSE,-1,None,FALSE,FALSE,FALSE
36,Path5,,TRUE,FALSE,FALSE,TRUE,FALSE,1,FALSE,0,FALSE,-1,None,FALSE,FALSE,FALSE
37,Path6,,TRUE,FALSE,FALSE,TRUE,FALSE,1,FALSE,0,FALSE,-1,None,FALSE,FALSE,FALSE
38,Path7,,TRUE,FALSE,FALSE,TRUE,FALSE,1,FALSE,0,FALSE,-1,None,FALSE,FALSE,FALSE
39,Roof1,,FALSE,FALSE,FALSE,FALSE,FALSE,1,FALSE,0,FALSE,-1,None,FALSE,FALSE,FALSE
40,Roof2,,FALSE,FALSE,FALSE,FALSE,FALSE,1,FALSE,0,FALSE,-1,None,FALSE,FALSE,FALSE
41,CrystalBall,,FALSE,FALSE,FALSE,FALSE,FALSE,1,FALSE,0,TRUE,68,BrickFloor,FALSE,FALSE,FALSE
42,LighthouseLight,,FALSE,FALSE,FALSE,FALSE,FALSE,1,FALSE,0,FALSE,-1,None,FALSE,FALSE,FALSE
43,DeadTree,,FALSE,FALSE,FALSE,FALSE,FALSE,1,FALSE,0,TRUE,68,BrickFloor,FALSE,FALSE,FALSE
44,PlowedField,,TRUE,FALSE,FALSE,TRUE,FALSE,1,FALSE,0,FALSE,-1,None,FALSE,FALSE,FALSE
45,WheatInField,,TRUE,FALSE,FALSE,TRUE,FALSE,1,FALSE,0,FALSE,-1,None,FALSE,FALSE,FALSE
46,Tree,,FALSE,FALSE,FALSE,FALSE,FALSE,1,FALSE,0,TRUE,5,Grass,FALSE,FALSE,FALSE
47,Cactus,,FALSE,FALSE,FALSE,FALSE,FALSE,1,FALSE,0,TRUE,7,Desert1,FALSE,FALSE,FALSE
48,OutsidePath1,,TRUE,FALSE,FALSE,TRUE,FALSE,1,FALSE,0,FALSE,-1,None,FALSE,FALSE,FALSE
49,OutsidePath2,,TRUE,FALSE,FALSE,TRUE,FALSE,1,FALSE,0,FALSE,-1,None,FALSE,FALSE,FALSE
50,OutsidePath3,,TRUE,FALSE,FALSE,TRUE,FALSE,1,FALSE,0,FALSE,-1,None,FALSE,FALSE,FALSE
51,OutsidePath4,,TRUE,FALSE,FALSE,TRUE,FALSE,1,FALSE,0,FALSE,-1,None,FALSE,FALSE,FALSE
52,OutsideWaterCoast1,,FALSE,FALSE,TRUE,TRUE,FALSE,1,FALSE,0,FALSE,-1,None,FALSE,FALSE,FALSE
53,OutsideWaterCoast2,,FALSE,FALSE,TRUE,TRUE,FALSE,1,FALSE,0,FALSE,-1,None,FALSE,FALSE,FALSE
54,OutsideWaterCoast3,,FALSE,FALSE,TRUE,TRUE,FALSE,1,FALSE,0,FALSE,-1,None,FALSE,FALSE,FALSE
55,OutsideWaterCoast4,,FALSE,FALSE,TRUE,TRUE,FALSE,1,FALSE,0,FALSE,-1,None,FALSE,FALSE,FALSE
56,CastleGargoyle,,FALSE,FALSE,FALSE,FALSE,FALSE,1,FALSE,0,FALSE,-1,None,FALSE,FALSE,FALSE
57,EvilCastleEntrance,,TRUE,FALSE,FALSE,TRUE,FALSE,1,FALSE,0,FALSE,-1,None,FALSE,FALSE,FALSE
58,CastleBritian1,,FALSE,FALSE,FALSE,FALSE,FALSE,1,FALSE,0,FALSE,-1,None,FALSE,FALSE,FALSE
59,CastleBritian2,,FALSE,FALSE,FALSE,FALSE,FALSE,1,FALSE,0,FALSE,-1,None,FALSE,FALSE,FALSE
60,CastleBritian3,,FALSE,FALSE,FALSE,FALSE,FALSE,1,FALSE,0,FALSE,-1,None,FALSE,FALSE,FALSE
61,CastleBritian4,,FALSE,FALSE,FALSE,FALSE,FALSE,1,FALSE,0,FALSE,-1,None,FALSE,FALSE,FALSE
62,CastleBritianEntrace,,TRUE,FALSE,FALSE,TRUE,FALSE,1,FALSE,0,FALSE,-1,None,FALSE,FALSE,TRUE
63,CastleBritian5,,FALSE,FALSE,FALSE,FALSE,FALSE,1,FALSE,0,FALSE,-1,None,FALSE,FALSE,FALSE
64,WoodFloor1,,TRUE,FALSE,FALSE,TRUE,FALSE,1,FALSE,0,FALSE,-1,None,FALSE,FALSE,FALSE
65,Lecturn,,FALSE,FALSE,FALSE,FALSE,FALSE,1,FALSE,0,TRUE,68,BrickFloor,FALSE,FALSE,FALSE
66,WoodFloorShipTie,,FALSE,FALSE,FALSE,FALSE,FALSE,1,FALSE,0,FALSE,-1,None,FALSE,FALSE,FALSE
67,WoodFloorShipEdge,,FALSE,FALSE,FALSE,FALSE,FALSE,1,FALSE,0,FALSE,-1,None,FALSE,FALSE,FALSE
68,BrickFloor,,TRUE,FALSE,FALSE,TRUE,FALSE,1,FALSE,0,FALSE,-1,None,FALSE,FALSE,FALSE
69,MetalFloor,,TRUE,FALSE,FALSE,TRUE,FALSE,1,FALSE,0,FALSE,-1,None,FALSE,FALSE,FALSE
70,DryStone,,FALSE,FALSE,FALSE,FALSE,FALSE,1,FALSE,0,FALSE,-1,None,FALSE,FALSE,FALSE
71,Dock,,TRUE,FALSE,FALSE,TRUE,FALSE,1,FALSE,0,TRUE,1,Water,FALSE,FALSE,FALSE
72,LeftWoodFloor2,,TRUE,FALSE,FALSE,TRUE,FALSE,1,FALSE,0,FALSE,-1,None,FALSE,FALSE,FALSE
73,RightWoodFloor2,,TRUE,FALSE,FALSE,TRUE,FALSE,1,FALSE,0,FALSE,-1,None,FALSE,FALSE,FALSE
74,StoneCrossWindow,,FALSE,FALSE,FALSE,FALSE,FALSE,1,FALSE,0,FALSE,-1,None,FALSE,FALSE,FALSE
75,StoneGlassWindow,,FALSE,FALSE,FALSE,FALSE,FALSE,1,FALSE,0,FALSE,-1,None,FALSE,FALSE,FALSE
76,SmallRockWall,,FALSE,FALSE,FALSE,FALSE,FALSE,1,FALSE,0,FALSE,-1,None,FALSE,FALSE,FALSE
77,LargeRockWall,,FALSE,FALSE,FALSE,FALSE,FALSE,1,FALSE,0,FALSE,-1,None,FALSE,FALSE,FALSE
78,StoneBrickWallSecret,,FALSE,FALSE,FALSE,FALSE,FALSE,1,FALSE,0,FALSE,-1,None,FALSE,FALSE,FALSE
79,StoneBrickWall,,FALSE,FALSE,FALSE,FALSE,FALSE,1,FALSE,0,FALSE,-1,None,FALSE,FALSE,FALSE
80,CastleParapet1,,FALSE,FALSE,FALSE,FALSE,FALSE,1,FALSE,0,FALSE,-1,None,FALSE,FALSE,FALSE
81,CastleParapet2,,FALSE,FALSE,FALSE,FALSE,FALSE,1,FALSE,0,FALSE,-1,None,FALSE,FALSE,FALSE
82,CastleParapet3,,FALSE,FALSE,FALSE,FALSE,FALSE,1,FALSE,0,FALSE,-1,None,FALSE,FALSE,FALSE
83,CastleParapet4,,FALSE,FALSE,FALSE,FALSE,FALSE,1,FALSE,0,FALSE,-1,None,FALSE,FALSE,FALSE
84,CastleParapet5,,FALSE,FALSE,FALSE,FALSE,FALSE,1,FALSE,0,FALSE,-1,None,FALSE,FALSE,FALSE
85,CastleParapet6,,FALSE,FALSE,FALSE,FALSE,FALSE,1,FALSE,0,FALSE,-1,None,FALSE,FALSE,FALSE
86,CastleParapet7,,FALSE,FALSE,FALSE,FALSE,FALSE,1,FALSE,0,FALSE,-1,None,FALSE,FALSE,FALSE
87,CastleParapet8,,FALSE,FALSE,FALSE,FALSE,FALSE,1,FALSE,0,FALSE,-1,None,FALSE,FALSE,FALSE
88,Anvil,,FALSE,FALSE,FALSE,FALSE,FALSE,1,FALSE,0,TRUE,68,BrickFloor,FALSE,FALSE,FALSE
89,Telescope,,FALSE,FALSE,FALSE,FALSE,FALSE,1,FALSE,0,TRUE,69,MetalFloor,FALSE,FALSE,FALSE
90,Bookcase,,FALSE,FALSE,FALSE,FALSE,FALSE,1,FALSE,0,TRUE,68,BrickFloor,FALSE,FALSE,FALSE
91,Plant,,FALSE,FALSE,FALSE,FALSE,FALSE,1,FALSE,0,TRUE,68,BrickFloor,FALSE,FALSE,FALSE
92,BookcaseLeft,,FALSE,FALSE,FALSE,FALSE,FALSE,1,FALSE,0,TRUE,68,BrickFloor,FALSE,FALSE,FALSE
93,BookcaseRight,,FALSE,FALSE,FALSE,FALSE,FALSE,1,FALSE,0,TRUE,68,BrickFloor,FALSE,FALSE,FALSE
94,CodexAngelLeft,,FALSE,FALSE,FALSE,FALSE,FALSE,1,FALSE,0,TRUE,1,Grass,FALSE,FALSE,FALSE
95,CodexAngelRight,,FALSE,FALSE,FALSE,FALSE,FALSE,1,FALSE,0,TRUE,1,Grass,FALSE,FALSE,FALSE
96,WaterStream1,,FALSE,FALSE,TRUE,TRUE,FALSE,1,FALSE,0,FALSE,-1,None,FALSE,FALSE,FALSE
97,WaterStream2,,FALSE,FALSE,TRUE,TRUE,FALSE,1,FALSE,0,FALSE,-1,None,FALSE,FALSE,FALSE
98,WaterStream3,,FALSE,FALSE,TRUE,TRUE,FALSE,1,FALSE,0,FALSE,-1,None,FALSE,FALSE,FALSE
99,WaterStream4,,FALSE,FALSE,TRUE,TRUE,FALSE,1,FALSE,0,FALSE,-1,None,FALSE,FALSE,FALSE
100,WaterStream5,,FALSE,FALSE,TRUE,TRUE,FALSE,1,FALSE,0,FALSE,-1,None,FALSE,FALSE,FALSE
101,WaterStream6,,FALSE,FALSE,TRUE,TRUE,FALSE,1,FALSE,0,FALSE,-1,None,FALSE,FALSE,FALSE
102,WaterStream7,,FALSE,FALSE,TRUE,TRUE,FALSE,1,FALSE,0,FALSE,-1,None,FALSE,FALSE,FALSE
103,WaterStream8,,FALSE,FALSE,TRUE,TRUE,FALSE,1,FALSE,0,FALSE,-1,None,FALSE,FALSE,FALSE
104,WaterStream9,,FALSE,FALSE,TRUE,TRUE,FALSE,1,FALSE,0,FALSE,-1,None,FALSE,FALSE,FALSE
105,WaterStream10,,FALSE,FALSE,TRUE,TRUE,FALSE,1,FALSE,0,FALSE,-1,None,FALSE,FALSE,FALSE
106,TrollBridgeHoriz,,TRUE,FALSE,FALSE,TRUE,FALSE,1,FALSE,0,FALSE,-1,None,FALSE,FALSE,FALSE
107,TrollBridgeVert,,TRUE,FALSE,FALSE,TRUE,FALSE,1,FALSE,0,FALSE,-1,None,FALSE,FALSE,FALSE
108,WaterStream11,,TRUE,FALSE,FALSE,TRUE,FALSE,1,FALSE,0,FALSE,-1,None,FALSE,FALSE,FALSE
109,WaterStream12,,TRUE,FALSE,FALSE,TRUE,FALSE,1,FALSE,0,FALSE,-1,None,FALSE,FALSE,FALSE
110,WaterStream13,,TRUE,FALSE,FALSE,TRUE,FALSE,1,FALSE,0,FALSE,-1,None,FALSE,FALSE,FALSE
111,WaterStream14,,TRUE,FALSE,FALSE,TRUE,FALSE,1,FALSE,0,FALSE,-1,None,FALSE,FALSE,FALSE
112,ShadowlordBoundary1,,FALSE,FALSE,FALSE,FALSE,FALSE,1,FALSE,0,FALSE,-1,None,FALSE,FALSE,FALSE
113,ShadowlordBoundary2,,FALSE,FALSE,FALSE,FALSE,FALSE,1,FALSE,0,FALSE,-1,None,FALSE,FALSE,FALSE
114,ShadowlordBoundary3,,FALSE,FALSE,FALSE,FALSE,FALSE,1,FALSE,0,FALSE,-1,None,FALSE,FALSE,FALSE
115,ShadowlordBoundary4,,FALSE,FALSE,FALSE,FALSE,FALSE,1,FALSE,0,FALSE,-1,None,FALSE,FALSE,FALSE
116,ShadowlordBoundary5,,FALSE,FALSE,FALSE,FALSE,FALSE,1,FALSE,0,FALSE,-1,None,FALSE,FALSE,FALSE
117,ShadowlordBoundary6,,FALSE,FALSE,FALSE,FALSE,FALSE,1,FALSE,0,FALSE,-1,None,FALSE,FALSE,FALSE
118,ShadowlordBoundary7,,FALSE,FALSE,FALSE,FALSE,FALSE,1,FALSE,0,FALSE,-1,None,FALSE,FALSE,FALSE
119,ShadowlordBoundary8,,FALSE,FALSE,FALSE,FALSE,FALSE,1,FALSE,0,FALSE,-1,None,FALSE,FALSE,FALSE
120,ShadowlordBoundary9,,FALSE,FALSE,FALSE,FALSE,FALSE,1,FALSE,0,FALSE,-1,None,FALSE,FALSE,FALSE
121,ShadowlordBoundary10,,FALSE,FALSE,FALSE,FALSE,FALSE,1,FALSE,0,FALSE,-1,None,FALSE,FALSE,FALSE
122,ShadowlordBoundary11,,FALSE,FALSE,FALSE,FALSE,FALSE,1,FALSE,0,FALSE,-1,None,FALSE,FALSE,FALSE
123,ShadowlordBoundary12,,FALSE,FALSE,FALSE,FALSE,FALSE,1,FALSE,0,FALSE,-1,None,FALSE,FALSE,FALSE
124,ShadowlordBoundary13,,FALSE,FALSE,FALSE,FALSE,FALSE,1,FALSE,0,FALSE,-1,None,FALSE,FALSE,FALSE
125,ShadowlordBoundary14,,FALSE,FALSE,FALSE,FALSE,FALSE,1,FALSE,0,FALSE,-1,None,FALSE,FALSE,FALSE
126,ShadowlordBoundary15,,FALSE,FALSE,FALSE,FALSE,FALSE,1,FALSE,0,FALSE,-1,None,FALSE,FALSE,FALSE
127,ShadowlordBoundary16,,FALSE,FALSE,FALSE,FALSE,FALSE,1,FALSE,0,FALSE,-1,None,FALSE,FALSE,FALSE
128,TortureTable1,,FALSE,FALSE,FALSE,FALSE,FALSE,1,TRUE,0,TRUE,68,BrickFloor,FALSE,FALSE,FALSE
129,TortureTable2,,FALSE,FALSE,FALSE,FALSE,FALSE,1,TRUE,1,TRUE,68,BrickFloor,FALSE,FALSE,FALSE
130,TortureTableWithBody1,,FALSE,FALSE,FALSE,FALSE,FALSE,1,TRUE,0,TRUE,68,BrickFloor,FALSE,FALSE,FALSE
131,TortureTableWithBody2,,FALSE,FALSE,FALSE,FALSE,FALSE,1,TRUE,1,TRUE,68,BrickFloor,FALSE,FALSE,FALSE
132,Stocks,,FALSE,FALSE,FALSE,FALSE,FALSE,1,FALSE,0,TRUE,5,Grass,FALSE,FALSE,FALSE
133,Manacles,,FALSE,FALSE,FALSE,FALSE,FALSE,1,FALSE,0,TRUE,68,BrickFloor,FALSE,FALSE,FALSE
134,Grate,,TRUE,FALSE,FALSE,FALSE,FALSE,1,FALSE,0,FALSE,-1,None,FALSE,FALSE,FALSE
135,BrickWallWithRedBrick,,FALSE,FALSE,FALSE,FALSE,FALSE,1,FALSE,0,FALSE,-1,None,FALSE,FALSE,FALSE
136,Statue,,FALSE,FALSE,FALSE,FALSE,FALSE,1,FALSE,0,TRUE,-1,None,FALSE,FALSE,FALSE
137,SimpleCross,,FALSE,FALSE,FALSE,FALSE,FALSE,1,FALSE,0,TRUE,-1,None,FALSE,FALSE,FALSE
138,StoneHeadstone,,FALSE,FALSE,FALSE,FALSE,FALSE,1,FALSE,0,TRUE,-1,None,FALSE,FALSE,FALSE
139,TortureChair,,FALSE,FALSE,FALSE,FALSE,FALSE,1,FALSE,0,TRUE,68,BrickFloor,FALSE,FALSE,FALSE
140,BrickFloorHole,,TRUE,FALSE,FALSE,FALSE,FALSE,1,FALSE,0,FALSE,-1,None,FALSE,FALSE,FALSE
141,Harpsichord,,FALSE,FALSE,FALSE,FALSE,FALSE,1,FALSE,0,TRUE,68,BrickFloor,FALSE,FALSE,FALSE
142,Guillotine,,FALSE,FALSE,FALSE,FALSE,FALSE,1,FALSE,0,TRUE,5,Grass,FALSE,FALSE,FALSE
143,Lava,,TRUE,FALSE,FALSE,FALSE,FALSE,1,FALSE,0,FALSE,-1,None,FALSE,FALSE,FALSE
144,ChairBackForward,,TRUE,FALSE,FALSE,FALSE,FALSE,1,FALSE,0,TRUE,68,BrickFloor,FALSE,FALSE,FALSE
145,ChairBackLeft,,TRUE,FALSE,FALSE,FALSE,FALSE,1,FALSE,0,TRUE,68,BrickFloor,FALSE,FALSE,FALSE
146,ChairBackBack,,TRUE,FALSE,FALSE,FALSE,FALSE,1,FALSE,0,TRUE,68,BrickFloor,FALSE,FALSE,FALSE
147,ChairBackRight,,TRUE,FALSE,FALSE,FALSE,FALSE,1,FALSE,0,TRUE,68,BrickFloor,FALSE,FALSE,FALSE
148,TableLeft,,FALSE,FALSE,FALSE,FALSE,FALSE,1,FALSE,0,TRUE,68,BrickFloor,FALSE,FALSE,FALSE
149,TableRight,,FALSE,FALSE,FALSE,FALSE,FALSE,1,FALSE,0,TRUE,68,BrickFloor,FALSE,FALSE,FALSE
150,MagicLockDoor,,FALSE,FALSE,FALSE,FALSE,FALSE,1,FALSE,0,TRUE,68,BrickFloor,FALSE,FALSE,FALSE
151,MagicLockDoorWithView,,FALSE,FALSE,FALSE,FALSE,FALSE,1,FALSE,0,TRUE,68,BrickFloor,FALSE,FALSE,FALSE
152,Portcullis,,FALSE,FALSE,FALSE,FALSE,FALSE,1,FALSE,0,TRUE,68,BrickFloor,FALSE,FALSE,FALSE
153,TableFoodTop,,FALSE,FALSE,FALSE,FALSE,FALSE,1,FALSE,0,TRUE,68,BrickFloor,FALSE,FALSE,FALSE
154,TableFoodBottom,,FALSE,FALSE,FALSE,FALSE,FALSE,1,FALSE,0,TRUE,68,BrickFloor,FALSE,FALSE,FALSE
155,TableFoodBoth,,FALSE,FALSE,FALSE,FALSE,FALSE,1,FALSE,0,TRUE,68,BrickFloor,FALSE,FALSE,FALSE
156,Mirror,,FALSE,FALSE,FALSE,FALSE,FALSE,1,FALSE,0,TRUE,68,BrickFloor,FALSE,FALSE,FALSE
157,MirrorAvatar,,FALSE,FALSE,FALSE,FALSE,FALSE,1,FALSE,0,TRUE,68,BrickFloor,FALSE,FALSE,FALSE
158,MirrorBroken,,FALSE,FALSE,FALSE,FALSE,FALSE,1,FALSE,0,TRUE,68,BrickFloor,FALSE,FALSE,FALSE
159,Sign,,FALSE,FALSE,FALSE,FALSE,FALSE,1,FALSE,0,TRUE,5,Grass,FALSE,FALSE,FALSE
160,Well,,FALSE,FALSE,FALSE,FALSE,FALSE,1,FALSE,0,TRUE,5,Grass,FALSE,FALSE,FALSE
161,Fence1,,FALSE,FALSE,FALSE,FALSE,TRUE,1,FALSE,0,TRUE,5,Grass,FALSE,FALSE,FALSE
162,FireLogs,,FALSE,FALSE,FALSE,FALSE,FALSE,1,FALSE,0,TRUE,68,BrickFloor,FALSE,FALSE,FALSE
163,SmallSign,,FALSE,FALSE,FALSE,FALSE,FALSE,1,FALSE,0,TRUE,5,Grass,FALSE,FALSE,FALSE
164,EndTable,,FALSE,FALSE,FALSE,FALSE,FALSE,1,FALSE,0,TRUE,68,BrickFloor,FALSE,FALSE,FALSE
165,Barrel,,FALSE,FALSE,FALSE,FALSE,FALSE,1,FALSE,0,TRUE,68,BrickFloor,FALSE,FALSE,FALSE
166,Cask,,FALSE,FALSE,FALSE,FALSE,FALSE,1,FALSE,0,TRUE,68,BrickFloor,FALSE,FALSE,FALSE
167,Vanity,,FALSE,FALSE,FALSE,FALSE,FALSE,1,FALSE,0,TRUE,68,BrickFloor,FALSE,FALSE,FALSE
168,WaterJugTable,,FALSE,FALSE,FALSE,FALSE,FALSE,1,FALSE,0,TRUE,68,BrickFloor,FALSE,FALSE,FALSE
169,Carpet,,TRUE,FALSE,FALSE,TRUE,FALSE,1,FALSE,0,FALSE,-1,None,FALSE,FALSE,FALSE
170,LeftBed,,TRUE,FALSE,FALSE,TRUE,FALSE,1,FALSE,0,TRUE,68,BrickFloor,FALSE,FALSE,FALSE
171,RightBed,,TRUE,FALSE,FALSE,TRUE,FALSE,1,FALSE,0,TRUE,68,BrickFloor,FALSE,FALSE,FALSE
172,Dresser,,FALSE,FALSE,FALSE,FALSE,FALSE,1,FALSE,0,TRUE,68,BrickFloor,FALSE,FALSE,FALSE
173,CoffeeTable,,FALSE,FALSE,FALSE,FALSE,FALSE,1,FALSE,0,TRUE,68,BrickFloor,FALSE,FALSE,FALSE
174,Box,,FALSE,FALSE,FALSE,FALSE,FALSE,1,FALSE,0,TRUE,68,BrickFloor,FALSE,FALSE,FALSE
175,RightSconce,,FALSE,FALSE,FALSE,FALSE,FALSE,1,FALSE,0,TRUE,68,BrickFloor,FALSE,FALSE,FALSE
176,LeftSconce,,FALSE,FALSE,FALSE,FALSE,FALSE,1,FALSE,0,TRUE,68,BrickFloor,FALSE,FALSE,FALSE
177,Brazier,,FALSE,FALSE,FALSE,FALSE,FALSE,1,FALSE,0,TRUE,68,BrickFloor,FALSE,FALSE,FALSE
178,CampFire,,FALSE,FALSE,FALSE,FALSE,FALSE,1,FALSE,0,TRUE,5,Grass,FALSE,FALSE,FALSE
179,CannonUp,,FALSE,FALSE,FALSE,FALSE,FALSE,1,FALSE,0,TRUE,68,BrickFloor,FALSE,FALSE,FALSE
180,CannonDown,,FALSE,FALSE,FALSE,FALSE,FALSE,1,FALSE,0,TRUE,68,BrickFloor,FALSE,FALSE,FALSE
181,CannonRight,,FALSE,FALSE,FALSE,FALSE,FALSE,1,FALSE,0,TRUE,68,BrickFloor,FALSE,FALSE,FALSE
182,CannonLeft,,FALSE,FALSE,FALSE,FALSE,FALSE,1,FALSE,0,TRUE,68,BrickFloor,FALSE,FALSE,FALSE
183,RegularDoor,,FALSE,FALSE,FALSE,FALSE,FALSE,1,FALSE,0,TRUE,68,BrickFloor,FALSE,FALSE,FALSE
184,LockedDoor,,FALSE,FALSE,FALSE,FALSE,FALSE,1,FALSE,0,TRUE,68,BrickFloor,FALSE,FALSE,FALSE
185,RegularDoorView,,FALSE,FALSE,FALSE,FALSE,FALSE,1,FALSE,0,TRUE,68,BrickFloor,FALSE,FALSE,FALSE
186,LockedDoorView,,FALSE,FALSE,FALSE,FALSE,FALSE,1,FALSE,0,TRUE,68,BrickFloor,FALSE,FALSE,FALSE
187,Fireplace,,TRUE,FALSE,FALSE,FALSE,FALSE,1,FALSE,0,TRUE,68,BrickFloor,FALSE,FALSE,FALSE
188,LampPost,,FALSE,FALSE,FALSE,FALSE,FALSE,1,FALSE,0,TRUE,5,Grass,FALSE,FALSE,FALSE
189,CandleOnTable,,FALSE,FALSE,FALSE,FALSE,FALSE,1,FALSE,0,TRUE,68,BrickFloor,FALSE,FALSE,FALSE
190,CookStove,,FALSE,FALSE,FALSE,FALSE,FALSE,1,FALSE,0,TRUE,68,BrickFloor,FALSE,FALSE,FALSE
191,Bat1,,FALSE,FALSE,FALSE,FALSE,FALSE,1,TRUE,0,TRUE,-2,Guess,TRUE,FALSE,FALSE
192,Bat2,,FALSE,FALSE,FALSE,FALSE,FALSE,1,TRUE,1,TRUE,-2,Guess,TRUE,FALSE,FALSE
193,Bat3,,FALSE,FALSE,FALSE,FALSE,FALSE,1,TRUE,2,TRUE,-2,Guess,TRUE,FALSE,FALSE
194,BatDead,,TRUE,FALSE,FALSE,FALSE,FALSE,1,FALSE,0,TRUE,-2,Guess,FALSE,FALSE,FALSE
195,StairsNorth,,TRUE,FALSE,FALSE,FALSE,TRUE,1,FALSE,0,FALSE,-1,None,FALSE,FALSE,FALSE
196,StairsEast,,TRUE,FALSE,FALSE,FALSE,TRUE,1,FALSE,0,FALSE,-1,None,FALSE,FALSE,FALSE
197,StairsSouth,,TRUE,FALSE,FALSE,FALSE,TRUE,1,FALSE,0,FALSE,-1,None,FALSE,FALSE,FALSE
198,StairsWest,,TRUE,FALSE,FALSE,FALSE,TRUE,1,FALSE,0,FALSE,-1,None,FALSE,FALSE,FALSE
199,LadderUp,,TRUE,FALSE,FALSE,FALSE,TRUE,1,FALSE,0,TRUE,68,BrickFloor,FALSE,FALSE,FALSE
200,LadderDown,,TRUE,FALSE,FALSE,FALSE,TRUE,1,FALSE,0,TRUE,68,BrickFloor,FALSE,FALSE,FALSE
201,FenceHoriz,,FALSE,FALSE,FALSE,FALSE,TRUE,1,FALSE,0,TRUE,5,Grass,FALSE,FALSE,FALSE
202,FenceVert,,FALSE,FALSE,FALSE,FALSE,TRUE,1,FALSE,0,TRUE,5,Grass,FALSE,FALSE,FALSE
203,Wtf1,Not sure what this is,FALSE,FALSE,FALSE,FALSE,FALSE,1,FALSE,0,FALSE,-1,None,FALSE,FALSE,FALSE
204,Wtf2,Not sure what this is,FALSE,FALSE,FALSE,FALSE,FALSE,1,FALSE,0,FALSE,-1,None,FALSE,FALSE,FALSE
205,Wtf3,Not sure what this is,FALSE,FALSE,FALSE,FALSE,FALSE,1,FALSE,0,FALSE,-1,None,FALSE,FALSE,FALSE
206,Wtf4,Not sure what this is,FALSE,FALSE,FALSE,FALSE,FALSE,1,FALSE,0,FALSE,-1,None,FALSE,FALSE,FALSE
207,CornerStructure1,,FALSE,FALSE,FALSE,FALSE,FALSE,1,FALSE,0,FALSE,-1,None,FALSE,FALSE,FALSE
208,CornerStructure2,,FALSE,FALSE,FALSE,FALSE,FALSE,1,FALSE,0,FALSE,-1,None,FALSE,FALSE,FALSE
209,CornerStructure3,,FALSE,FALSE,FALSE,FALSE,FALSE,1,FALSE,0,FALSE,-1,None,FALSE,FALSE,FALSE
210,CornerStructure4,,FALSE,FALSE,FALSE,FALSE,FALSE,1,FALSE,0,FALSE,-1,None,FALSE,FALSE,FALSE
211,Waterfall1,,FALSE,FALSE,FALSE,TRUE,FALSE,1,TRUE,0,TRUE,1,Water,FALSE,FALSE,FALSE
212,Waterfall2,,FALSE,FALSE,FALSE,TRUE,FALSE,1,TRUE,1,TRUE,1,Water,FALSE,FALSE,FALSE
213,Waterfall3,,FALSE,FALSE,FALSE,TRUE,FALSE,1,TRUE,2,TRUE,1,Water,FALSE,FALSE,FALSE
214,Waterfall4,,FALSE,FALSE,FALSE,TRUE,FALSE,1,TRUE,3,TRUE,1,Water,FALSE,FALSE,FALSE
215,Fountain1,,FALSE,FALSE,FALSE,FALSE,FALSE,1,TRUE,0,TRUE,68,BrickFloor,FALSE,FALSE,FALSE
216,Fountain2,,FALSE,FALSE,FALSE,FALSE,FALSE,1,TRUE,1,TRUE,68,BrickFloor,FALSE,FALSE,FALSE
217,Fountain3,,FALSE,FALSE,FALSE,FALSE,FALSE,1,TRUE,2,TRUE,68,BrickFloor,FALSE,FALSE,FALSE
218,Fountain4,,FALSE,FALSE,FALSE,FALSE,FALSE,1,TRUE,3,TRUE,68,BrickFloor,FALSE,FALSE,FALSE
219,Moongate,,TRUE,FALSE,FALSE,TRUE,FALSE,1,FALSE,0,TRUE,5,Grass,FALSE,FALSE,FALSE
220,Desert3,,TRUE,FALSE,FALSE,TRUE,FALSE,1,FALSE,0,FALSE,-1,None,FALSE,FALSE,FALSE
221,BlueFlame,,FALSE,FALSE,FALSE,FALSE,FALSE,1,FALSE,0,TRUE,68,BrickFloor,FALSE,FALSE,FALSE
222,BlockEntrance,,FALSE,FALSE,FALSE,FALSE,FALSE,1,FALSE,0,FALSE,-1,None,FALSE,FALSE,FALSE
223,LargeSignBottom,,FALSE,FALSE,FALSE,FALSE,FALSE,1,FALSE,0,FALSE,-1,None,FALSE,FALSE,FALSE
224,LargeSignLeft,,FALSE,FALSE,FALSE,FALSE,FALSE,1,FALSE,0,FALSE,-1,None,FALSE,FALSE,FALSE
225,LargeSignRight,,FALSE,FALSE,FALSE,FALSE,FALSE,1,FALSE,0,FALSE,-1,None,FALSE,FALSE,FALSE
226,SignGrass,,FALSE,FALSE,FALSE,FALSE,FALSE,1,FALSE,0,FALSE,-1,None,FALSE,FALSE,FALSE
227,CornerWithWater1,,FALSE,FALSE,FALSE,FALSE,FALSE,1,FALSE,0,FALSE,-1,None,FALSE,FALSE,FALSE
228,CornerWithWater2,,FALSE,FALSE,FALSE,FALSE,FALSE,1,FALSE,0,FALSE,-1,None,FALSE,FALSE,FALSE
229,CornerWithWater3,,FALSE,FALSE,FALSE,FALSE,FALSE,1,FALSE,0,FALSE,-1,None,FALSE,FALSE,FALSE
230,CornerWithWater4,,FALSE,FALSE,FALSE,FALSE,FALSE,1,FALSE,0,FALSE,-1,None,FALSE,FALSE,FALSE
231,Hourglass1,,FALSE,FALSE,FALSE,FALSE,FALSE,1,TRUE,0,TRUE,68,BrickFloor,FALSE,FALSE,FALSE
232,Hourglass2,,FALSE,FALSE,FALSE,FALSE,FALSE,1,TRUE,1,TRUE,68,BrickFloor,FALSE,FALSE,FALSE
233,Hourglass3,,FALSE,FALSE,FALSE,FALSE,FALSE,1,TRUE,2,TRUE,68,BrickFloor,FALSE,FALSE,FALSE
234,Hourglass4,,FALSE,FALSE,FALSE,FALSE,FALSE,1,TRUE,3,TRUE,68,BrickFloor,FALSE,FALSE,FALSE
235,SnakeSign1,,FALSE,FALSE,FALSE,FALSE,FALSE,1,FALSE,0,FALSE,-1,None,FALSE,FALSE,FALSE
236,SnakeSign2,,FALSE,FALSE,FALSE,FALSE,FALSE,1,FALSE,0,FALSE,-1,None,FALSE,FALSE,FALSE
237,SnakeSign3,,FALSE,FALSE,FALSE,FALSE,FALSE,1,FALSE,0,FALSE,-1,None,FALSE,FALSE,FALSE
238,SnakeSign4,,FALSE,FALSE,FALSE,FALSE,FALSE,1,FALSE,0,FALSE,-1,None,FALSE,FALSE,FALSE
239,SignFood,,FALSE,FALSE,FALSE,FALSE,FALSE,1,FALSE,0,FALSE,-1,None,FALSE,FALSE,FALSE
240,SignCourt,,FALSE,FALSE,FALSE,FALSE,FALSE,1,FALSE,0,FALSE,-1,None,FALSE,FALSE,FALSE
241,SignArmourer,,FALSE,FALSE,FALSE,FALSE,FALSE,1,FALSE,0,FALSE,-1,None,FALSE,FALSE,FALSE
242,SignHealer,,FALSE,FALSE,FALSE,FALSE,FALSE,1,FALSE,0,FALSE,-1,None,FALSE,FALSE,FALSE
243,SignSmith,,FALSE,FALSE,FALSE,FALSE,FALSE,1,FALSE,0,FALSE,-1,None,FALSE,FALSE,FALSE
244,SignGuild,,FALSE,FALSE,FALSE,FALSE,FALSE,1,FALSE,0,FALSE,-1,None,FALSE,FALSE,FALSE
245,SignInn,,FALSE,FALSE,FALSE,FALSE,FALSE,1,FALSE,0,FALSE,-1,None,FALSE,FALSE,FALSE
246,SignMagic,,FALSE,FALSE,FALSE,FALSE,FALSE,1,FALSE,0,FALSE,-1,None,FALSE,FALSE,FALSE
247,SignWarning,,FALSE,FALSE,FALSE,FALSE,FALSE,1,FALSE,0,FALSE,-1,None,FALSE,FALSE,FALSE
248,SignShipwright,,FALSE,FALSE,FALSE,FALSE,FALSE,1,FALSE,0,FALSE,-1,None,FALSE,FALSE,FALSE
249,Clock1,,FALSE,FALSE,FALSE,FALSE,FALSE,1,TRUE,0,TRUE,-2,Guess,FALSE,FALSE,FALSE
250,Clock2,,FALSE,FALSE,FALSE,FALSE,FALSE,1,TRUE,1,TRUE,-2,Guess,FALSE,FALSE,FALSE
251,Bellows1,,FALSE,FALSE,FALSE,FALSE,FALSE,1,TRUE,0,TRUE,68,BrickFloor,FALSE,FALSE,FALSE
252,Bellows2,,FALSE,FALSE,FALSE,FALSE,FALSE,1,TRUE,1,TRUE,68,BrickFloor,FALSE,FALSE,FALSE
253,WhiteSquare,,FALSE,FALSE,FALSE,FALSE,FALSE,1,FALSE,0,FALSE,-1,None,FALSE,FALSE,FALSE
254,BlackSquare,,FALSE,FALSE,FALSE,FALSE,FALSE,1,FALSE,0,FALSE,-1,None,FALSE,FALSE,FALSE
255,StarPattern,,FALSE,FALSE,FALSE,FALSE,FALSE,1,FALSE,0,FALSE,-1,None,FALSE,FALSE,FALSE
256,Chest,,FALSE,FALSE,FALSE,FALSE,FALSE,1,FALSE,0,TRUE,-2,Guess,FALSE,FALSE,FALSE
257,ItemMoney,,FALSE,FALSE,FALSE,FALSE,FALSE,1,FALSE,0,TRUE,-2,Guess,FALSE,FALSE,FALSE
258,ItemPotion,,FALSE,FALSE,FALSE,FALSE,FALSE,1,FALSE,0,TRUE,-2,Guess,FALSE,FALSE,FALSE
259,ItemScroll,,FALSE,FALSE,FALSE,FALSE,FALSE,1,FALSE,0,TRUE,-2,Guess,FALSE,FALSE,FALSE
260,ItemWeapon,,FALSE,FALSE,FALSE,FALSE,FALSE,1,FALSE,0,TRUE,-2,Guess,FALSE,FALSE,FALSE
261,ItemKey,,FALSE,FALSE,FALSE,FALSE,FALSE,1,FALSE,0,TRUE,-2,Guess,FALSE,FALSE,FALSE
262,ItemGem,,FALSE,FALSE,FALSE,FALSE,FALSE,1,FALSE,0,TRUE,-2,Guess,FALSE,FALSE,FALSE
263,ItemHelm,,FALSE,FALSE,FALSE,FALSE,FALSE,1,FALSE,0,TRUE,-2,Guess,FALSE,FALSE,FALSE
264,ItemRing,,FALSE,FALSE,FALSE,FALSE,FALSE,1,FALSE,0,TRUE,-2,Guess,FALSE,FALSE,FALSE
265,ItemArmour,,FALSE,FALSE,FALSE,FALSE,FALSE,1,FALSE,0,TRUE,-2,Guess,FALSE,FALSE,FALSE
266,ItemAnkh,,FALSE,FALSE,FALSE,FALSE,FALSE,1,FALSE,0,TRUE,-2,Guess,FALSE,FALSE,FALSE
267,ItemClub,,FALSE,FALSE,FALSE,FALSE,FALSE,1,FALSE,0,TRUE,-2,Guess,FALSE,FALSE,FALSE
268,ItemSandalwoodBox,,FALSE,FALSE,FALSE,FALSE,FALSE,1,FALSE,0,TRUE,-2,Guess,FALSE,FALSE,FALSE
269,ItemFood,,FALSE,FALSE,FALSE,FALSE,FALSE,1,FALSE,0,TRUE,-2,Guess,FALSE,FALSE,FALSE
270,HorseRight,,TRUE,FALSE,FALSE,FALSE,FALSE,1,FALSE,0,TRUE,-2,Guess,FALSE,FALSE,FALSE
271,HorseLeft,,TRUE,FALSE,FALSE,FALSE,FALSE,1,FALSE,0,TRUE,-2,Guess,FALSE,FALSE,FALSE
272,RidingHorseRight,,TRUE,FALSE,FALSE,FALSE,FALSE,1,FALSE,0,TRUE,-2,Guess,FALSE,FALSE,FALSE
273,RidingHorseLeft,,TRUE,FALSE,FALSE,FALSE,FALSE,1,FALSE,0,TRUE,-2,Guess,FALSE,FALSE,FALSE
274,RidingMagicCarpetRight,,TRUE,FALSE,FALSE,FALSE,FALSE,1,FALSE,0,TRUE,-2,Guess,FALSE,FALSE,FALSE
275,RidingMagicCarpetLeft,,TRUE,FALSE,FALSE,FALSE,FALSE,1,FALSE,0,TRUE,-2,Guess,FALSE,FALSE,FALSE
276,HolyFloorSymbol,,TRUE,FALSE,FALSE,FALSE,FALSE,1,FALSE,0,FALSE,-1,None,FALSE,FALSE,FALSE
277,KlimbLadderUp,,TRUE,FALSE,FALSE,FALSE,FALSE,1,FALSE,0,TRUE,68,BrickFloor,FALSE,FALSE,FALSE
278,KlimbLadderDown,,TRUE,FALSE,FALSE,FALSE,FALSE,1,FALSE,0,TRUE,68,BrickFloor,FALSE,FALSE,FALSE
279,Moon,,FALSE,FALSE,FALSE,FALSE,FALSE,1,FALSE,0,FALSE,-1,None,FALSE,FALSE,FALSE
280,SleepingInBed,,TRUE,FALSE,FALSE,FALSE,FALSE,1,FALSE,0,TRUE,-1,None,FALSE,FALSE,FALSE
281,Carpet2,,TRUE,FALSE,FALSE,FALSE,FALSE,1,FALSE,0,TRUE,-1,None,FALSE,FALSE,FALSE
282,BasicAvatar,,TRUE,FALSE,FALSE,FALSE,FALSE,1,FALSE,0,TRUE,-2,Guess,FALSE,FALSE,FALSE
283,Apparition,,FALSE,FALSE,FALSE,FALSE,FALSE,1,FALSE,0,TRUE,-2,Guess,FALSE,FALSE,FALSE
284,DeadBody,,FALSE,FALSE,FALSE,FALSE,FALSE,1,FALSE,0,FALSE,-1,None,FALSE,FALSE,FALSE
285,Splat,,FALSE,FALSE,FALSE,FALSE,FALSE,1,FALSE,0,FALSE,-1,None,FALSE,FALSE,FALSE
286,ShipSailsUp,,FALSE,FALSE,FALSE,FALSE,FALSE,1,FALSE,0,TRUE,5,Water,FALSE,FALSE,FALSE
287,ShipSailsRight,,FALSE,FALSE,FALSE,FALSE,FALSE,1,FALSE,0,TRUE,5,Water,FALSE,FALSE,FALSE
288,ShipSailsDown,,FALSE,FALSE,FALSE,FALSE,FALSE,1,FALSE,0,TRUE,5,Water,FALSE,FALSE,FALSE
289,ShipSailsLeft,,FALSE,FALSE,FALSE,FALSE,FALSE,1,FALSE,0,TRUE,5,Water,FALSE,FALSE,FALSE
290,ShipNoSailsUp,,TRUE,FALSE,FALSE,FALSE,FALSE,1,FALSE,0,TRUE,5,Water,FALSE,FALSE,FALSE
291,ShipNoSailsRight,,TRUE,FALSE,FALSE,FALSE,FALSE,1,FALSE,0,TRUE,5,Water,FALSE,FALSE,FALSE
292,ShipNoSailsDown,,TRUE,FALSE,FALSE,FALSE,FALSE,1,FALSE,0,TRUE,5,Water,FALSE,FALSE,FALSE
293,ShipNoSailsLeft,,TRUE,FALSE,FALSE,FALSE,FALSE,1,FALSE,0,TRUE,5,Water,FALSE,FALSE,FALSE
294,SkiffUp,,TRUE,FALSE,FALSE,FALSE,FALSE,1,FALSE,0,TRUE,5,Water,FALSE,FALSE,FALSE
295,SkiffRight,,TRUE,FALSE,FALSE,FALSE,FALSE,1,FALSE,0,TRUE,5,Water,FALSE,FALSE,FALSE
296,SkiffDown,,TRUE,FALSE,FALSE,FALSE,FALSE,1,FALSE,0,TRUE,5,Water,FALSE,FALSE,FALSE
297,SkiffLeft,,TRUE,FALSE,FALSE,FALSE,FALSE,1,FALSE,0,TRUE,5,Water,FALSE,FALSE,FALSE
298,PirateShipUp,,FALSE,FALSE,FALSE,FALSE,FALSE,1,FALSE,0,TRUE,5,Water,TRUE,FALSE,FALSE
299,PirateShipRight,,FALSE,FALSE,FALSE,FALSE,FALSE,1,FALSE,0,TRUE,5,Water,TRUE,FALSE,FALSE
300,PirateShipLeft,,FALSE,FALSE,FALSE,FALSE,FALSE,1,FALSE,0,TRUE,5,Water,TRUE,FALSE,FALSE
301,PirateShipDown,,FALSE,FALSE,FALSE,FALSE,FALSE,1,FALSE,0,TRUE,5,Water,TRUE,FALSE,FALSE
302,SitChairUp,,TRUE,FALSE,FALSE,FALSE,FALSE,1,FALSE,0,TRUE,68,BrickFloor,FALSE,FALSE,FALSE
303,SitChariRight,,TRUE,FALSE,FALSE,FALSE,FALSE,1,FALSE,0,TRUE,68,BrickFloor,FALSE,FALSE,FALSE
304,SitChairDown,,TRUE,FALSE,FALSE,FALSE,FALSE,1,FALSE,0,TRUE,68,BrickFloor,FALSE,FALSE,FALSE
305,SitChairLeft,,TRUE,FALSE,FALSE,FALSE,FALSE,1,FALSE,0,TRUE,68,BrickFloor,FALSE,FALSE,FALSE
306,SitChairDown1,,FALSE,FALSE,FALSE,FALSE,FALSE,1,TRUE,0,TRUE,68,BrickFloor,FALSE,FALSE,FALSE
307,SitChairDown2,,FALSE,FALSE,FALSE,FALSE,FALSE,1,TRUE,1,TRUE,68,BrickFloor,FALSE,FALSE,FALSE
308,SitChairDown3,,FALSE,FALSE,FALSE,FALSE,FALSE,1,TRUE,2,TRUE,68,BrickFloor,FALSE,FALSE,FALSE
309,SitChairDown4,,FALSE,FALSE,FALSE,FALSE,FALSE,1,TRUE,3,TRUE,68,BrickFloor,FALSE,FALSE,FALSE
310,SitChairUp1,,FALSE,FALSE,FALSE,FALSE,FALSE,1,TRUE,0,TRUE,68,BrickFloor,FALSE,FALSE,FALSE
311,SitChairUp2,,FALSE,FALSE,FALSE,FALSE,FALSE,1,TRUE,1,TRUE,68,BrickFloor,FALSE,FALSE,FALSE
312,SitChairUp3,,FALSE,FALSE,FALSE,FALSE,FALSE,1,TRUE,2,TRUE,68,BrickFloor,FALSE,FALSE,FALSE
313,SitChairUp4,,FALSE,FALSE,FALSE,FALSE,FALSE,1,TRUE,3,TRUE,68,BrickFloor,FALSE,FALSE,FALSE
314,LordBritishMirror1,,FALSE,FALSE,FALSE,FALSE,FALSE,1,TRUE,0,TRUE,68,BrickFloor,FALSE,FALSE,FALSE
315,LordBritishMirror2,,FALSE,FALSE,FALSE,FALSE,FALSE,1,TRUE,1,TRUE,68,BrickFloor,FALSE,FALSE,FALSE
316,LordBritishMirror3,,FALSE,FALSE,FALSE,FALSE,FALSE,1,TRUE,2,TRUE,68,BrickFloor,FALSE,FALSE,FALSE
317,LordBritishMirror4,,FALSE,FALSE,FALSE,FALSE,FALSE,1,TRUE,3,TRUE,68,BrickFloor,FALSE,FALSE,FALSE
318,Wizard1,,FALSE,FALSE,FALSE,FALSE,FALSE,1,TRUE,0,TRUE,-2,Guess,FALSE,TRUE,FALSE
319,Wizard2,,FALSE,FALSE,FALSE,FALSE,FALSE,1,TRUE,1,TRUE,-2,Guess,FALSE,TRUE,FALSE
320,Wizard3,,FALSE,FALSE,FALSE,FALSE,FALSE,1,TRUE,2,TRUE,-2,Guess,FALSE,TRUE,FALSE
321,Wizard4,,FALSE,FALSE,FALSE,FALSE,FALSE,1,TRUE,3,TRUE,-2,Guess,FALSE,TRUE,FALSE
322,Bard1,,FALSE,FALSE,FALSE,FALSE,FALSE,1,TRUE,0,TRUE,-2,Guess,FALSE,TRUE,FALSE
323,Bard2,,FALSE,FALSE,FALSE,FALSE,FALSE,1,TRUE,1,TRUE,-2,Guess,FALSE,TRUE,FALSE
324,Bard3,,FALSE,FALSE,FALSE,FALSE,FALSE,1,TRUE,2,TRUE,-2,Guess,FALSE,TRUE,FALSE
325,Bard4,,FALSE,FALSE,FALSE,FALSE,FALSE,1,TRUE,3,TRUE,-2,Guess,FALSE,TRUE,FALSE
326,Fighter1,,FALSE,FALSE,FALSE,FALSE,FALSE,1,TRUE,0,TRUE,-2,Guess,FALSE,TRUE,FALSE
327,Fighter2,,FALSE,FALSE,FALSE,FALSE,FALSE,1,TRUE,1,TRUE,-2,Guess,FALSE,TRUE,FALSE
328,Fighter3,,FALSE,FALSE,FALSE,FALSE,FALSE,1,TRUE,2,TRUE,-2,Guess,FALSE,TRUE,FALSE
329,Fighter4,,FALSE,FALSE,FALSE,FALSE,FALSE,1,TRUE,3,TRUE,-2,Guess,FALSE,TRUE,FALSE
330,Avatar1,,FALSE,FALSE,FALSE,FALSE,FALSE,1,TRUE,0,TRUE,-2,Guess,FALSE,TRUE,FALSE
331,Avatar2,,FALSE,FALSE,FALSE,FALSE,FALSE,1,TRUE,1,TRUE,-2,Guess,FALSE,TRUE,FALSE
332,Avatar3,,FALSE,FALSE,FALSE,FALSE,FALSE,1,TRUE,2,TRUE,-2,Guess,FALSE,TRUE,FALSE
333,Avatar4,,FALSE,FALSE,FALSE,FALSE,FALSE,1,TRUE,3,TRUE,-2,Guess,FALSE,TRUE,FALSE
334,TownsPerson1,,FALSE,FALSE,FALSE,FALSE,FALSE,1,TRUE,0,TRUE,-2,Guess,FALSE,TRUE,FALSE
335,TownsPerson2,,FALSE,FALSE,FALSE,FALSE,FALSE,1,TRUE,1,TRUE,-2,Guess,FALSE,TRUE,FALSE
336,TownsPerson3,,FALSE,FALSE,FALSE,FALSE,FALSE,1,TRUE,2,TRUE,-2,Guess,FALSE,TRUE,FALSE
337,TownsPerson4,,FALSE,FALSE,FALSE,FALSE,FALSE,1,TRUE,3,TRUE,-2,Guess,FALSE,TRUE,FALSE
338,Merchant1,,FALSE,FALSE,FALSE,FALSE,FALSE,1,TRUE,0,TRUE,-2,Guess,FALSE,TRUE,FALSE
339,Merchant2,,FALSE,FALSE,FALSE,FALSE,FALSE,1,TRUE,1,TRUE,-2,Guess,FALSE,TRUE,FALSE
340,Merchant3,,FALSE,FALSE,FALSE,FALSE,FALSE,1,TRUE,2,TRUE,-2,Guess,FALSE,TRUE,FALSE
341,Merchant4,,FALSE,FALSE,FALSE,FALSE,FALSE,1,TRUE,3,TRUE,-2,Guess,FALSE,TRUE,FALSE
342,Jester1,,FALSE,FALSE,FALSE,FALSE,FALSE,1,TRUE,0,TRUE,-2,Guess,FALSE,TRUE,FALSE
343,Jester2,,FALSE,FALSE,FALSE,FALSE,FALSE,1,TRUE,1,TRUE,-2,Guess,FALSE,TRUE,FALSE
344,Jester3,,FALSE,FALSE,FALSE,FALSE,FALSE,1,TRUE,2,TRUE,-2,Guess,FALSE,TRUE,FALSE
345,Jester4,,FALSE,FALSE,FALSE,FALSE,FALSE,1,TRUE,3,TRUE,-2,Guess,FALSE,TRUE,FALSE
346,BardPlaying1,,FALSE,FALSE,FALSE,FALSE,FALSE,1,TRUE,0,TRUE,-2,Guess,FALSE,TRUE,FALSE
347,BardPlaying2,,FALSE,FALSE,FALSE,FALSE,FALSE,1,TRUE,1,TRUE,-2,Guess,FALSE,TRUE,FALSE
348,BardPlaying3,,FALSE,FALSE,FALSE,FALSE,FALSE,1,TRUE,2,TRUE,-2,Guess,FALSE,TRUE,FALSE
349,BardPlaying4,,FALSE,FALSE,FALSE,FALSE,FALSE,1,TRUE,3,TRUE,-2,Guess,FALSE,TRUE,FALSE
350,PersonStocks1,,FALSE,FALSE,FALSE,FALSE,FALSE,1,TRUE,0,TRUE,-2,Guess,FALSE,TRUE,FALSE
351,PersonStocks2,,FALSE,FALSE,FALSE,FALSE,FALSE,1,TRUE,1,TRUE,-2,Guess,FALSE,TRUE,FALSE
352,PersonStocks3,,FALSE,FALSE,FALSE,FALSE,FALSE,1,TRUE,2,TRUE,-2,Guess,FALSE,TRUE,FALSE
353,PersonStocks4,,FALSE,FALSE,FALSE,FALSE,FALSE,1,TRUE,3,TRUE,-2,Guess,FALSE,TRUE,FALSE
354,WallPrisoner1,,FALSE,FALSE,FALSE,FALSE,FALSE,1,TRUE,0,TRUE,-2,Guess,FALSE,TRUE,FALSE
355,WallPrisoner2,,FALSE,FALSE,FALSE,FALSE,FALSE,1,TRUE,1,TRUE,-2,Guess,FALSE,TRUE,FALSE
356,WallPrisoner3,,FALSE,FALSE,FALSE,FALSE,FALSE,1,TRUE,2,TRUE,-2,Guess,FALSE,TRUE,FALSE
357,WallPrisoner4,,FALSE,FALSE,FALSE,FALSE,FALSE,1,TRUE,3,TRUE,-2,Guess,FALSE,TRUE,FALSE
358,Child1,,FALSE,FALSE,FALSE,FALSE,FALSE,1,TRUE,0,TRUE,-2,Guess,FALSE,TRUE,FALSE
359,Child2,,FALSE,FALSE,FALSE,FALSE,FALSE,1,TRUE,1,TRUE,-2,Guess,FALSE,TRUE,FALSE
360,Child3,,FALSE,FALSE,FALSE,FALSE,FALSE,1,TRUE,2,TRUE,-2,Guess,FALSE,TRUE,FALSE
361,Child4,,FALSE,FALSE,FALSE,FALSE,FALSE,1,TRUE,3,TRUE,-2,Guess,FALSE,TRUE,FALSE
362,Begger1,,FALSE,FALSE,FALSE,FALSE,FALSE,1,TRUE,0,TRUE,-2,Guess,FALSE,TRUE,FALSE
363,Begger2,,FALSE,FALSE,FALSE,FALSE,FALSE,1,TRUE,1,TRUE,-2,Guess,FALSE,TRUE,FALSE
364,Begger3,,FALSE,FALSE,FALSE,FALSE,FALSE,1,TRUE,2,TRUE,-2,Guess,FALSE,TRUE,FALSE
365,Begger4,,FALSE,FALSE,FALSE,FALSE,FALSE,1,TRUE,3,TRUE,-2,Guess,FALSE,TRUE,FALSE
366,Guard1,,FALSE,FALSE,FALSE,FALSE,FALSE,1,TRUE,0,TRUE,-2,Guess,FALSE,TRUE,FALSE
367,Guard2,,FALSE,FALSE,FALSE,FALSE,FALSE,1,TRUE,1,TRUE,-2,Guess,FALSE,TRUE,FALSE
368,Guard3,,FALSE,FALSE,FALSE,FALSE,FALSE,1,TRUE,2,TRUE,-2,Guess,FALSE,TRUE,FALSE
369,Guard4,,FALSE,FALSE,FALSE,FALSE,FALSE,1,TRUE,3,TRUE,-2,Guess,FALSE,TRUE,FALSE
370,Apparation1,,FALSE,FALSE,FALSE,FALSE,FALSE,1,TRUE,0,TRUE,-2,Guess,FALSE,TRUE,FALSE
371,Apparation2,,FALSE,FALSE,FALSE,FALSE,FALSE,1,TRUE,1,TRUE,-2,Guess,FALSE,TRUE,FALSE
372,Apparation3,,FALSE,FALSE,FALSE,FALSE,FALSE,1,TRUE,2,TRUE,-2,Guess,FALSE,TRUE,FALSE
373,Apparation4,,FALSE,FALSE,FALSE,FALSE,FALSE,1,TRUE,3,TRUE,-2,Guess,FALSE,TRUE,FALSE
374,Blackthorn1,,FALSE,FALSE,FALSE,FALSE,FALSE,1,TRUE,0,TRUE,-2,Guess,FALSE,TRUE,FALSE
375,Blackthorn2,,FALSE,FALSE,FALSE,FALSE,FALSE,1,TRUE,1,TRUE,-2,Guess,FALSE,TRUE,FALSE
376,Blackthorn3,,FALSE,FALSE,FALSE,FALSE,FALSE,1,TRUE,2,TRUE,-2,Guess,FALSE,TRUE,FALSE
377,Blackthorn4,,FALSE,FALSE,FALSE,FALSE,FALSE,1,TRUE,3,TRUE,-2,Guess,FALSE,TRUE,FALSE
378,LordBritish1,,FALSE,FALSE,FALSE,FALSE,FALSE,1,TRUE,0,TRUE,-2,Guess,FALSE,TRUE,FALSE
379,LordBritish2,,FALSE,FALSE,FALSE,FALSE,FALSE,1,TRUE,1,TRUE,-2,Guess,FALSE,TRUE,FALSE
380,LordBritish3,,FALSE,FALSE,FALSE,FALSE,FALSE,1,TRUE,2,TRUE,-2,Guess,FALSE,TRUE,FALSE
381,LordBritish4,,FALSE,FALSE,FALSE,FALSE,FALSE,1,TRUE,3,TRUE,-2,Guess,FALSE,TRUE,FALSE
382,Seahorse1,,FALSE,FALSE,FALSE,FALSE,FALSE,1,TRUE,0,TRUE,-2,Guess,TRUE,FALSE,FALSE
383,Seahorse2,,FALSE,FALSE,FALSE,FALSE,FALSE,1,TRUE,1,TRUE,-2,Guess,TRUE,FALSE,FALSE
384,Seahorse3,,FALSE,FALSE,FALSE,FALSE,FALSE,1,TRUE,2,TRUE,-2,Guess,TRUE,FALSE,FALSE
385,Seahorse4,,FALSE,FALSE,FALSE,FALSE,FALSE,1,TRUE,3,TRUE,-2,Guess,TRUE,FALSE,FALSE
386,Squid1,,FALSE,FALSE,FALSE,FALSE,FALSE,1,TRUE,0,TRUE,-2,Guess,TRUE,FALSE,FALSE
387,Squid2,,FALSE,FALSE,FALSE,FALSE,FALSE,1,TRUE,1,TRUE,-2,Guess,TRUE,FALSE,FALSE
388,Squid3,,FALSE,FALSE,FALSE,FALSE,FALSE,1,TRUE,2,TRUE,-2,Guess,TRUE,FALSE,FALSE
389,Squid4,,FALSE,FALSE,FALSE,FALSE,FALSE,1,TRUE,3,TRUE,-2,Guess,TRUE,FALSE,FALSE
390,SeaSerpent1,,FALSE,FALSE,FALSE,FALSE,FALSE,1,TRUE,0,TRUE,-2,Guess,TRUE,FALSE,FALSE
391,SeaSerpent2,,FALSE,FALSE,FALSE,FALSE,FALSE,1,TRUE,1,TRUE,-2,Guess,TRUE,FALSE,FALSE
392,SeaSerpent3,,FALSE,FALSE,FALSE,FALSE,FALSE,1,TRUE,2,TRUE,-2,Guess,TRUE,FALSE,FALSE
393,SeaSerpent4,,FALSE,FALSE,FALSE,FALSE,FALSE,1,TRUE,3,TRUE,-2,Guess,TRUE,FALSE,FALSE
394,Shark1,,FALSE,FALSE,FALSE,FALSE,FALSE,1,TRUE,0,TRUE,-2,Guess,TRUE,FALSE,FALSE
395,Shark2,,FALSE,FALSE,FALSE,FALSE,FALSE,1,TRUE,1,TRUE,-2,Guess,TRUE,FALSE,FALSE
396,Shark3,,FALSE,FALSE,FALSE,FALSE,FALSE,1,TRUE,2,TRUE,-2,Guess,TRUE,FALSE,FALSE
397,Shark4,,FALSE,FALSE,FALSE,FALSE,FALSE,1,TRUE,3,TRUE,-2,Guess,TRUE,FALSE,FALSE
398,Rat1,,FALSE,FALSE,FALSE,FALSE,FALSE,1,TRUE,0,TRUE,-2,Guess,TRUE,FALSE,FALSE
399,Rat2,,FALSE,FALSE,FALSE,FALSE,FALSE,1,TRUE,1,TRUE,-2,Guess,TRUE,FALSE,FALSE
400,Rat3,,FALSE,FALSE,FALSE,FALSE,FALSE,1,TRUE,2,TRUE,-2,Guess,TRUE,FALSE,FALSE
401,Rat4,,FALSE,FALSE,FALSE,FALSE,FALSE,1,TRUE,3,TRUE,-2,Guess,TRUE,FALSE,FALSE
402,Bat1,,FALSE,FALSE,FALSE,FALSE,FALSE,1,TRUE,0,TRUE,-2,Guess,TRUE,FALSE,FALSE
403,Bat2,,FALSE,FALSE,FALSE,FALSE,FALSE,1,TRUE,1,TRUE,-2,Guess,TRUE,FALSE,FALSE
404,Bat3,,FALSE,FALSE,FALSE,FALSE,FALSE,1,TRUE,2,TRUE,-2,Guess,TRUE,FALSE,FALSE
405,Bat4,,FALSE,FALSE,FALSE,FALSE,FALSE,1,TRUE,3,TRUE,-2,Guess,TRUE,FALSE,FALSE
406,Spider1,,FALSE,FALSE,FALSE,FALSE,FALSE,1,TRUE,0,TRUE,-2,Guess,TRUE,FALSE,FALSE
407,Spider2,,FALSE,FALSE,FALSE,FALSE,FALSE,1,TRUE,1,TRUE,-2,Guess,TRUE,FALSE,FALSE
408,Spider3,,FALSE,FALSE,FALSE,FALSE,FALSE,1,TRUE,2,TRUE,-2,Guess,TRUE,FALSE,FALSE
409,Spider4,,FALSE,FALSE,FALSE,FALSE,FALSE,1,TRUE,3,TRUE,-2,Guess,TRUE,FALSE,FALSE
410,Ghost1,,FALSE,FALSE,FALSE,FALSE,FALSE,1,TRUE,0,TRUE,-2,Guess,TRUE,FALSE,FALSE
411,Ghost2,,FALSE,FALSE,FALSE,FALSE,FALSE,1,TRUE,1,TRUE,-2,Guess,TRUE,FALSE,FALSE
412,Ghost3,,FALSE,FALSE,FALSE,FALSE,FALSE,1,TRUE,2,TRUE,-2,Guess,TRUE,FALSE,FALSE
413,Ghost4,,FALSE,FALSE,FALSE,FALSE,FALSE,1,TRUE,3,TRUE,-2,Guess,TRUE,FALSE,FALSE
414,Slime1,,FALSE,FALSE,FALSE,FALSE,FALSE,1,TRUE,0,TRUE,-2,Guess,TRUE,FALSE,FALSE
415,Slime2,,FALSE,FALSE,FALSE,FALSE,FALSE,1,TRUE,1,TRUE,-2,Guess,TRUE,FALSE,FALSE
416,Slime3,,FALSE,FALSE,FALSE,FALSE,FALSE,1,TRUE,2,TRUE,-2,Guess,TRUE,FALSE,FALSE
417,Slime4,,FALSE,FALSE,FALSE,FALSE,FALSE,1,TRUE,3,TRUE,-2,Guess,TRUE,FALSE,FALSE
418,Gremlin1,,FALSE,FALSE,FALSE,FALSE,FALSE,1,TRUE,0,TRUE,-2,Guess,TRUE,FALSE,FALSE
419,Gremlin2,,FALSE,FALSE,FALSE,FALSE,FALSE,1,TRUE,1,TRUE,-2,Guess,TRUE,FALSE,FALSE
420,Gremlin3,,FALSE,FALSE,FALSE,FALSE,FALSE,1,TRUE,2,TRUE,-2,Guess,TRUE,FALSE,FALSE
421,Gremlin4,,FALSE,FALSE,FALSE,FALSE,FALSE,1,TRUE,3,TRUE,-2,Guess,TRUE,FALSE,FALSE
422,Mimic1,,FALSE,FALSE,FALSE,FALSE,FALSE,1,TRUE,0,TRUE,-2,Guess,TRUE,FALSE,FALSE
423,Mimic2,,FALSE,FALSE,FALSE,FALSE,FALSE,1,TRUE,1,TRUE,-2,Guess,TRUE,FALSE,FALSE
424,Mimic3,,FALSE,FALSE,FALSE,FALSE,FALSE,1,TRUE,2,TRUE,-2,Guess,TRUE,FALSE,FALSE
425,Mimic4,,FALSE,FALSE,FALSE,FALSE,FALSE,1,TRUE,3,TRUE,-2,Guess,TRUE,FALSE,FALSE
426,Reaper1,,FALSE,FALSE,FALSE,FALSE,FALSE,1,TRUE,0,TRUE,-2,Guess,TRUE,FALSE,FALSE
427,Reaper2,,FALSE,FALSE,FALSE,FALSE,FALSE,1,TRUE,1,TRUE,-2,Guess,TRUE,FALSE,FALSE
428,Reaper3,,FALSE,FALSE,FALSE,FALSE,FALSE,1,TRUE,2,TRUE,-2,Guess,TRUE,FALSE,FALSE
429,Reaper4,,FALSE,FALSE,FALSE,FALSE,FALSE,1,TRUE,3,TRUE,-2,Guess,TRUE,FALSE,FALSE
430,Gazer1,,FALSE,FALSE,FALSE,FALSE,FALSE,1,TRUE,0,TRUE,-2,Guess,TRUE,FALSE,FALSE
431,Gazer2,,FALSE,FALSE,FALSE,FALSE,FALSE,1,TRUE,1,TRUE,-2,Guess,TRUE,FALSE,FALSE
432,Gazer3,,FALSE,FALSE,FALSE,FALSE,FALSE,1,TRUE,2,TRUE,-2,Guess,TRUE,FALSE,FALSE
433,Gazer4,,FALSE,FALSE,FALSE,FALSE,FALSE,1,TRUE,3,TRUE,-2,Guess,TRUE,FALSE,FALSE
434,Shard,,FALSE,FALSE,FALSE,FALSE,FALSE,1,FALSE,0,TRUE,-2,Guess,FALSE,FALSE,FALSE
435,Crown,,FALSE,FALSE,FALSE,FALSE,FALSE,1,FALSE,0,TRUE,-2,Guess,FALSE,FALSE,FALSE
436,Sceptre,,FALSE,FALSE,FALSE,FALSE,FALSE,1,FALSE,0,TRUE,-2,Guess,FALSE,FALSE,FALSE
437,Amulet,,FALSE,FALSE,FALSE,FALSE,FALSE,1,FALSE,0,TRUE,-2,Guess,FALSE,FALSE,FALSE
438,StoneGargoyle1,,FALSE,FALSE,FALSE,FALSE,FALSE,1,TRUE,0,TRUE,-2,Guess,TRUE,FALSE,FALSE
439,StoneGargoyle2,,FALSE,FALSE,FALSE,FALSE,FALSE,1,TRUE,1,TRUE,-2,Guess,TRUE,FALSE,FALSE
440,StoneGargoyle3,,FALSE,FALSE,FALSE,FALSE,FALSE,1,TRUE,2,TRUE,-2,Guess,TRUE,FALSE,FALSE
441,StoneGargoyle4,,FALSE,FALSE,FALSE,FALSE,FALSE,1,TRUE,3,TRUE,-2,Guess,TRUE,FALSE,FALSE
442,InsectSwarm1,,FALSE,FALSE,FALSE,FALSE,FALSE,1,TRUE,0,TRUE,-2,Guess,TRUE,FALSE,FALSE
443,InsectSwarm2,,FALSE,FALSE,FALSE,FALSE,FALSE,1,TRUE,1,TRUE,-2,Guess,TRUE,FALSE,FALSE
444,InsectSwarm3,,FALSE,FALSE,FALSE,FALSE,FALSE,1,TRUE,2,TRUE,-2,Guess,TRUE,FALSE,FALSE
445,InsectSwarm4,,FALSE,FALSE,FALSE,FALSE,FALSE,1,TRUE,3,TRUE,-2,Guess,TRUE,FALSE,FALSE
446,Orc1,,FALSE,FALSE,FALSE,FALSE,FALSE,1,TRUE,0,TRUE,-2,Guess,TRUE,FALSE,FALSE
447,Orc2,,FALSE,FALSE,FALSE,FALSE,FALSE,1,TRUE,1,TRUE,-2,Guess,TRUE,FALSE,FALSE
448,Orc3,,FALSE,FALSE,FALSE,FALSE,FALSE,1,TRUE,2,TRUE,-2,Guess,TRUE,FALSE,FALSE
449,Orc4,,FALSE,FALSE,FALSE,FALSE,FALSE,1,TRUE,3,TRUE,-2,Guess,TRUE,FALSE,FALSE
450,Skeleton1,,FALSE,FALSE,FALSE,FALSE,FALSE,1,TRUE,0,TRUE,-2,Guess,TRUE,FALSE,FALSE
451,Skeleton2,,FALSE,FALSE,FALSE,FALSE,FALSE,1,TRUE,1,TRUE,-2,Guess,TRUE,FALSE,FALSE
452,Skeleton3,,FALSE,FALSE,FALSE,FALSE,FALSE,1,TRUE,2,TRUE,-2,Guess,TRUE,FALSE,FALSE
453,Skeleton4,,FALSE,FALSE,FALSE,FALSE,FALSE,1,TRUE,3,TRUE,-2,Guess,TRUE,FALSE,FALSE
454,Snake1,,FALSE,FALSE,FALSE,FALSE,FALSE,1,TRUE,0,TRUE,-2,Guess,TRUE,FALSE,FALSE
455,Snake2,,FALSE,FALSE,FALSE,FALSE,FALSE,1,TRUE,1,TRUE,-2,Guess,TRUE,FALSE,FALSE
456,Snake3,,FALSE,FALSE,FALSE,FALSE,FALSE,1,TRUE,2,TRUE,-2,Guess,TRUE,FALSE,FALSE
457,Snake4,,FALSE,FALSE,FALSE,FALSE,FALSE,1,TRUE,3,TRUE,-2,Guess,TRUE,FALSE,FALSE
458,Ettin1,,FALSE,FALSE,FALSE,FALSE,FALSE,1,TRUE,0,TRUE,-2,Guess,TRUE,FALSE,FALSE
459,Ettin2,,FALSE,FALSE,FALSE,FALSE,FALSE,1,TRUE,1,TRUE,-2,Guess,TRUE,FALSE,FALSE
460,Ettin3,,FALSE,FALSE,FALSE,FALSE,FALSE,1,TRUE,2,TRUE,-2,Guess,TRUE,FALSE,FALSE
461,Ettin4,,FALSE,FALSE,FALSE,FALSE,FALSE,1,TRUE,3,TRUE,-2,Guess,TRUE,FALSE,FALSE
462,Headless1,,FALSE,FALSE,FALSE,FALSE,FALSE,1,TRUE,0,TRUE,-2,Guess,TRUE,FALSE,FALSE
463,Headless2,,FALSE,FALSE,FALSE,FALSE,FALSE,1,TRUE,1,TRUE,-2,Guess,TRUE,FALSE,FALSE
464,Headless3,,FALSE,FALSE,FALSE,FALSE,FALSE,1,TRUE,2,TRUE,-2,Guess,TRUE,FALSE,FALSE
465,Headless4,,FALSE,FALSE,FALSE,FALSE,FALSE,1,TRUE,3,TRUE,-2,Guess,TRUE,FALSE,FALSE
466,Wisp1,,FALSE,FALSE,FALSE,FALSE,FALSE,1,TRUE,0,TRUE,-2,Guess,TRUE,FALSE,FALSE
467,Wisp2,,FALSE,FALSE,FALSE,FALSE,FALSE,1,TRUE,1,TRUE,-2,Guess,TRUE,FALSE,FALSE
468,Wisp3,,FALSE,FALSE,FALSE,FALSE,FALSE,1,TRUE,2,TRUE,-2,Guess,TRUE,FALSE,FALSE
469,Wisp4,,FALSE,FALSE,FALSE,FALSE,FALSE,1,TRUE,3,TRUE,-2,Guess,TRUE,FALSE,FALSE
470,Daemon1,,FALSE,FALSE,FALSE,FALSE,FALSE,1,TRUE,0,TRUE,-2,Guess,TRUE,FALSE,FALSE
471,Daemon2,,FALSE,FALSE,FALSE,FALSE,FALSE,1,TRUE,1,TRUE,-2,Guess,TRUE,FALSE,FALSE
472,Daemon3,,FALSE,FALSE,FALSE,FALSE,FALSE,1,TRUE,2,TRUE,-2,Guess,TRUE,FALSE,FALSE
473,Daemon4,,FALSE,FALSE,FALSE,FALSE,FALSE,1,TRUE,3,TRUE,-2,Guess,TRUE,FALSE,FALSE
474,Dragon1,,FALSE,FALSE,FALSE,FALSE,FALSE,1,TRUE,0,TRUE,-2,Guess,TRUE,FALSE,FALSE
475,Dragon2,,FALSE,FALSE,FALSE,FALSE,FALSE,1,TRUE,1,TRUE,-2,Guess,TRUE,FALSE,FALSE
476,Dragon3,,FALSE,FALSE,FALSE,FALSE,FALSE,1,TRUE,2,TRUE,-2,Guess,TRUE,FALSE,FALSE
477,Dragon4,,FALSE,FALSE,FALSE,FALSE,FALSE,1,TRUE,3,TRUE,-2,Guess,TRUE,FALSE,FALSE
478,SandTrap1,,FALSE,FALSE,FALSE,FALSE,FALSE,1,TRUE,0,TRUE,-2,Guess,TRUE,FALSE,FALSE
479,SandTrap2,,FALSE,FALSE,FALSE,FALSE,FALSE,1,TRUE,1,TRUE,-2,Guess,TRUE,FALSE,FALSE
480,SandTrap3,,FALSE,FALSE,FALSE,FALSE,FALSE,1,TRUE,2,TRUE,-2,Guess,TRUE,FALSE,FALSE
481,SandTrap4,,FALSE,FALSE,FALSE,FALSE,FALSE,1,TRUE,3,TRUE,-2,Guess,TRUE,FALSE,FALSE
482,Troll1,,FALSE,FALSE,FALSE,FALSE,FALSE,1,TRUE,0,TRUE,-2,Guess,TRUE,FALSE,FALSE
483,Troll2,,FALSE,FALSE,FALSE,FALSE,FALSE,1,TRUE,1,TRUE,-2,Guess,TRUE,FALSE,FALSE
484,Troll3,,FALSE,FALSE,FALSE,FALSE,FALSE,1,TRUE,2,TRUE,-2,Guess,TRUE,FALSE,FALSE
485,Troll4,,FALSE,FALSE,FALSE,FALSE,FALSE,1,TRUE,3,TRUE,-2,Guess,TRUE,FALSE,FALSE
486,PoisonField,,TRUE,FALSE,FALSE,TRUE,FALSE,1,FALSE,0,TRUE,-2,Guess,FALSE,FALSE,FALSE
487,MagicField,,TRUE,FALSE,FALSE,TRUE,FALSE,1,FALSE,0,TRUE,-2,Guess,FALSE,FALSE,FALSE
488,FireField,,TRUE,FALSE,FALSE,TRUE,FALSE,1,FALSE,0,TRUE,-2,Guess,FALSE,FALSE,FALSE
489,ColdField,,TRUE,FALSE,FALSE,TRUE,FALSE,1,FALSE,0,TRUE,-2,Guess,FALSE,FALSE,FALSE
490,Whirpool1,,FALSE,TRUE,FALSE,TRUE,FALSE,1,TRUE,0,FALSE,-1,None,FALSE,FALSE,FALSE
491,Whirpool2,,FALSE,TRUE,FALSE,TRUE,FALSE,1,TRUE,1,FALSE,-1,None,FALSE,FALSE,FALSE
492,Whirpool3,,FALSE,TRUE,FALSE,TRUE,FALSE,1,TRUE,2,FALSE,-1,None,FALSE,FALSE,FALSE
493,Whirpool4,,FALSE,TRUE,FALSE,TRUE,FALSE,1,TRUE,3,FALSE,-1,None,FALSE,FALSE,FALSE
494,MongBat1,,FALSE,FALSE,FALSE,FALSE,FALSE,1,TRUE,0,TRUE,-2,Guess,TRUE,FALSE,FALSE
495,MongBat2,,FALSE,FALSE,FALSE,FALSE,FALSE,1,TRUE,1,TRUE,-2,Guess,TRUE,FALSE,FALSE
496,MongBat3,,FALSE,FALSE,FALSE,FALSE,FALSE,1,TRUE,2,TRUE,-2,Guess,TRUE,FALSE,FALSE
497,MongBat4,,FALSE,FALSE,FALSE,FALSE,FALSE,1,TRUE,3,TRUE,-2,Guess,TRUE,FALSE,FALSE
498,Corpser1,,FALSE,FALSE,FALSE,FALSE,FALSE,1,TRUE,0,TRUE,-2,Guess,TRUE,FALSE,FALSE
499,Corpser2,,FALSE,FALSE,FALSE,FALSE,FALSE,1,TRUE,1,TRUE,-2,Guess,TRUE,FALSE,FALSE
500,Corpser3,,FALSE,FALSE,FALSE,FALSE,FALSE,1,TRUE,2,TRUE,-2,Guess,TRUE,FALSE,FALSE
501,Corpser4,,FALSE,FALSE,FALSE,FALSE,FALSE,1,TRUE,3,TRUE,-2,Guess,TRUE,FALSE,FALSE
502,RotWork1,,FALSE,FALSE,FALSE,FALSE,FALSE,1,TRUE,0,TRUE,-2,Guess,TRUE,FALSE,FALSE
503,RotWork2,,FALSE,FALSE,FALSE,FALSE,FALSE,1,TRUE,1,TRUE,-2,Guess,TRUE,FALSE,FALSE
504,RotWork3,,FALSE,FALSE,FALSE,FALSE,FALSE,1,TRUE,2,TRUE,-2,Guess,TRUE,FALSE,FALSE
505,RotWork4,,FALSE,FALSE,FALSE,FALSE,FALSE,1,TRUE,3,TRUE,-2,Guess,TRUE,FALSE,FALSE
506,ShadowLord1,,FALSE,FALSE,FALSE,FALSE,FALSE,1,TRUE,0,TRUE,-2,Guess,TRUE,FALSE,FALSE
507,ShadowLord2,,FALSE,FALSE,FALSE,FALSE,FALSE,1,TRUE,1,TRUE,-2,Guess,TRUE,FALSE,FALSE
508,ShadowLord3,,FALSE,FALSE,FALSE,FALSE,FALSE,1,TRUE,2,TRUE,-2,Guess,TRUE,FALSE,FALSE
509,ShadowLord4,,FALSE,FALSE,FALSE,FALSE,FALSE,1,TRUE,3,TRUE,-2,Guess,TRUE,FALSE,FALSE
